family,n_members,mean_rank,median_rank,mean_t_limma,median_t_limma,n_up_t>0,n_down_t<0,frac_up,p_mwu_two_sided,p_mwu_up,p_mwu_down,p_perm_two_sided,p_perm_up,p_perm_down,leading_edge_up,leading_edge_down,q_mwu_bh,q_perm_bh
Free PUFA,5,61.0,62.0,-0.9989,-1.0286,0,5,0.0,0.000233,0.999903,0.000116,0.0005,0.0003,0.9998,,LA(t=-1.20); tLA(t=-1.17); CLA(t=-1.03),0.001631,0.0035
Endocannabinoid,2,63.0,63.0,-1.1067,-1.1067,0,2,0.0,0.018091,0.992763,0.009046,0.017598,0.009599,0.992401,,LEA(t=-1.20); AEA(t=-1.01),0.045332,0.045916
LA-oxylipin,9,40.56,45.0,0.2335,0.2114,5,4,0.556,0.2821,0.863023,0.14105,0.286271,0.144786,0.859214,"9,10-EpOME(t=+1.38); 9,10-DiHOME(t=+0.94); 12,13-EpOME(t=+0.84)","9-oxoODE(t=-0.59); 9-HODE(t=-0.52); 12,13-DiHOME(t=-0.34)",0.2821,0.286271
AA-COX,22,29.18,30.5,0.7774,0.8299,21,1,0.955,0.158969,0.079485,0.922472,0.164084,0.921008,0.081392,"TXB2(t=+1.81); 6,15-diketo-dh-PGF1α(t=+1.59); 13,14-dh-15k-PGF2α(t=+1.51)",PGF2α(t=-0.93),0.185464,0.191431
AA-LOX,8,19.62,17.5,1.2051,1.2214,7,1,0.875,0.024806,0.012403,0.988259,0.027997,0.987901,0.012999,12-HETrE(t=+2.33); 11-HETE(t=+1.64); 12-HETE(t=+1.51),15-HEDE(t=-0.01),0.045332,0.045916
AA-CYP/sEH,8,47.75,50.5,-0.2834,-0.2477,4,4,0.5,0.03238,0.984635,0.01619,0.032797,0.017398,0.984202,"5,6-DiHETrE(t=+1.68); 11,12-EpETrE(t=+0.42); 11,12-DiHETrE(t=+0.40)","8,9-DiHETrE(t=-1.86); 16-HETE(t=-1.53); 14,15-DiHETrE(t=-0.87)",0.045332,0.045916
ω-3 PUFA oxylipins,13,23.15,21.0,1.0257,1.0224,11,2,0.846,0.025905,0.012952,0.987567,0.027597,0.986301,0.014099,20-HDoHE(t=+2.28); 13-HDoHE(t=+1.81); 14-HDoHE(t=+1.65),"PGF3α(t=-0.43); 19,20-EpDPA(t=-0.22)",0.045332,0.045916
